{"train_loss": 0.014669897402508809, "train_acc": 99.57857273101807, "val_eer": 20.292205970548324, "val_acc": 79.58140432098764, "_timestamp": 1684781010.897133, "_runtime": 21557.69600200653, "_step": 99, "_wandb": {"runtime": 21556}}