{"train_loss": 0.6667178430780768, "train_acc": 79.50833759307861, "val_eer": 30.05638612518132, "val_acc": 69.82937008978676, "_timestamp": 1684447845.909841, "_runtime": 8164.961130142212, "_step": 59, "_wandb": {"runtime": 8162}}