{"train_loss": 0.02492952067794249, "train_acc": 99.0666703414917, "val_eer": 19.66232491154518, "val_acc": 80.14344837261504, "_timestamp": 1684447326.1509695, "_runtime": 8270.856065511703, "_step": 59, "_wandb": {"runtime": 8270}}