{"train_loss": 0.013226988602250458, "train_acc": 99.6000012588501, "val_eer": 21.353324233268356, "val_acc": 78.5011574074074, "_timestamp": 1684810055.8795984, "_runtime": 28950.04489326477, "_step": 99, "_wandb": {"runtime": 28949}}