{"train_loss": 0.007126394625734065, "train_acc": 99.73888954162598, "val_eer": 17.233765088622576, "val_acc": 82.62573653198653, "_timestamp": 1685092188.7053158, "_runtime": 48799.914930820465, "_step": 99, "_wandb": {"runtime": 48799}}