{"train_loss": 0.018758713100287424, "train_acc": 99.4750023651123, "val_eer": 19.56596795103611, "val_acc": 80.25655864197532, "_timestamp": 1684496019.8437128, "_runtime": 20916.444708824158, "_step": 59, "_wandb": {"runtime": 20915}}