{"train_loss": 0.012676077274318232, "train_acc": 99.57142986297607, "val_eer": 19.34879973147873, "val_acc": 80.46524270482604, "_timestamp": 1684759438.2559288, "_runtime": 14594.27174782753, "_step": 99, "_wandb": {"runtime": 14593}}