{"train_loss": 0.005643097781367032, "train_acc": 99.84499900817872, "val_eer": 19.74856598651068, "val_acc": 80.22060886644219, "_timestamp": 1685137884.417456, "_runtime": 27938.567368030548, "_step": 99, "_wandb": {"runtime": 27937}}