{"train_loss": 0.6667178430780768, "train_acc": 79.50833759307861, "val_eer": 30.05638612518132, "val_acc": 69.82937008978676, "_timestamp": 1684455439.8458514, "_runtime": 8097.719944477081, "_step": 59, "_wandb": {"runtime": 8097}}