{"train_loss": 0.004134736398391396, "train_acc": 99.86875, "val_eer": 18.47739736867825, "val_acc": 81.39204545454545, "_timestamp": 1684886789.8010137, "_runtime": 23754.401003599167, "_step": 99, "_wandb": {"runtime": 23753}}