{"train_loss": 0.02109795181437221, "train_acc": 99.425, "val_eer": 19.39278166628404, "val_acc": 80.57659932659932, "_timestamp": 1684865715.4086733, "_runtime": 16157.518425226212, "_step": 99, "_wandb": {"runtime": 16156}}