{"train_loss": 0.005106739363368433, "train_acc": 99.86499900817871, "val_eer": 18.81646572314987, "val_acc": 81.05096099887767, "_timestamp": 1685109928.9787035, "_runtime": 17725.099838495255, "_step": 99, "_wandb": {"runtime": 17724}}