{"train_loss": 0.006840741554916576, "train_acc": 99.82777835845947, "val_eer": 19.178068439463896, "val_acc": 80.7537177328844, "_timestamp": 1685043373.30942, "_runtime": 35094.5706551075, "_step": 99, "_wandb": {"runtime": 35093}}