{"train_loss": 0.009711492762398848, "train_acc": 99.73125, "val_eer": 17.778834349278743, "val_acc": 81.94093714927048, "_timestamp": 1684889334.6457388, "_runtime": 23604.151491880417, "_step": 99, "_wandb": {"runtime": 23603}}