{"train_loss": 0.0047095052916981215, "train_acc": 99.88125, "val_eer": 19.559024857783307, "val_acc": 80.26094276094275, "_timestamp": 1684963224.8382945, "_runtime": 44388.664798498154, "_step": 99, "_wandb": {"runtime": 44387}}