{"train_loss": 0.0004853010379227385, "train_acc": 99.98999992370605, "val_eer": 18.948643826441494, "val_acc": 80.85104517396185, "_timestamp": 1685109862.2360578, "_runtime": 17761.676142692566, "_step": 99, "_wandb": {"runtime": 17760}}