{"train_loss": 0.015228682609522365, "train_acc": 99.5125, "val_eer": 19.34988002445518, "val_acc": 80.62920875420875, "_timestamp": 1684863019.5800734, "_runtime": 15634.03340435028, "_step": 99, "_wandb": {"runtime": 15633}}