{"train_loss": 4.65221143245697, "train_acc": 5.709999876022339, "val_eer": 34.9952807224531, "val_acc": 64.97615039281706, "_timestamp": 1684438643.7624693, "_runtime": 243.61782836914062, "_step": 1, "_wandb": {"runtime": 249}}