{"train_loss": 0.005356105278211771, "train_acc": 99.79285785675049, "val_eer": 18.862464364046254, "val_acc": 81.05096099887767, "_timestamp": 1684781090.8123226, "_runtime": 21697.690306663513, "_step": 99, "_wandb": {"runtime": 21696}}