{"train_loss": 0.016285402132307353, "train_acc": 99.42143035888672, "val_eer": 19.002102492937333, "val_acc": 80.86244388327721, "_timestamp": 1684779317.3571255, "_runtime": 21425.646048545837, "_step": 99, "_wandb": {"runtime": 21424}}