{"train_loss": 0.008303784033905685, "train_acc": 99.69285808563232, "val_eer": 19.96671608102045, "val_acc": 80.05927328843995, "_timestamp": 1684808085.2586772, "_runtime": 28752.216558218002, "_step": 99, "_wandb": {"runtime": 28751}}