{"train_loss": 0.022543384293894634, "train_acc": 99.36666969299317, "val_eer": 18.113564273774333, "val_acc": 81.74365179573512, "_timestamp": 1684475087.5496469, "_runtime": 15449.951342821121, "_step": 59, "_wandb": {"runtime": 15449}}