{"train_loss": 0.023177517311842165, "train_acc": 99.49166885375976, "val_eer": 25.437655639169765, "val_acc": 74.3941147586981, "_timestamp": 1682357692.2577271, "_runtime": 12583.957424163818, "_step": 99, "_wandb": {"runtime": 12583}}