{"train_loss": 0.017846045110882187, "train_acc": 99.47857299804687, "val_eer": 17.956129861296255, "val_acc": 81.8830667789001, "_timestamp": 1684847370.1612132, "_runtime": 39269.145406246185, "_step": 99, "_wandb": {"runtime": 39267}}