{"train_loss": 0.005423661599791103, "train_acc": 99.83333389282227, "val_eer": 19.07620886129252, "val_acc": 80.84227693602693, "_timestamp": 1685089493.6138635, "_runtime": 49335.132724523544, "_step": 99, "_wandb": {"runtime": 49334}}