{"train_loss": 0.004704065943992646, "train_acc": 99.85625, "val_eer": 22.32805636202919, "val_acc": 77.62959455667789, "_timestamp": 1684964578.019671, "_runtime": 44171.86772894859, "_step": 99, "_wandb": {"runtime": 44170}}