{"train_loss": 0.009078494820178093, "train_acc": 99.74285797119141, "val_eer": 21.34093460582005, "val_acc": 78.35823512906846, "_timestamp": 1684759372.5489876, "_runtime": 14574.39389872551, "_step": 99, "_wandb": {"runtime": 14573}}