{"train_loss": 0.02068006728095497, "train_acc": 99.4000025177002, "val_eer": 16.89302579533163, "val_acc": 83.09045314253648, "_timestamp": 1684459620.5164983, "_runtime": 11771.08986544609, "_step": 59, "_wandb": {"runtime": 11770}}