{"train_loss": 8.65704418182373, "train_acc": 40.366669235229494, "val_eer": 19.29907660224351, "val_acc": 80.57484567901236, "_timestamp": 1684422954.087104, "_runtime": 88.72751498222351, "_step": 0, "_wandb": {"runtime": 99}}