{"train_loss": 0.007356325993709589, "train_acc": 99.80999881744384, "val_eer": 18.26309270127286, "val_acc": 81.67613636363636, "_timestamp": 1685226060.8167741, "_runtime": 52998.71086001396, "_step": 99, "_wandb": {"runtime": 52997}}