{"train_loss": 3.688918881416321, "train_acc": 14.400001111030578, "val_eer": 33.61275752852576, "val_acc": 66.19756593714926, "_timestamp": 1682244176.360178, "_runtime": 293.22345900535583, "_step": 2, "_wandb": {"runtime": 292}}