{"train_loss": 0.6667178430780768, "train_acc": 79.50833759307861, "val_eer": 30.05638612518132, "val_acc": 69.82937008978676, "_timestamp": 1684451452.6324832, "_runtime": 11685.664779186249, "_step": 59, "_wandb": {"runtime": 11684}}