{"train_loss": 0.007389824494754862, "train_acc": 99.78125, "val_eer": 17.454518332740733, "val_acc": 82.50473484848484, "_timestamp": 1684918819.7085514, "_runtime": 32012.816304445267, "_step": 99, "_wandb": {"runtime": 32011}}