{"train_loss": 0.0033891375178382076, "train_acc": 99.87777816772461, "val_eer": 19.838991656064167, "val_acc": 79.99701879910212, "_timestamp": 1684982602.5181699, "_runtime": 17283.141556978226, "_step": 99, "_wandb": {"runtime": 17282}}