{"train_loss": 0.0014931872578711136, "train_acc": 99.9599997329712, "val_eer": 16.422239724411597, "val_acc": 83.48063973063974, "_timestamp": 1685230367.47078, "_runtime": 54378.0012178421, "_step": 99, "_wandb": {"runtime": 54377}}