{"train_loss": 0.0018925198358743956, "train_acc": 99.95, "val_eer": 20.02696891076634, "val_acc": 79.91021324354658, "_timestamp": 1684920389.6794863, "_runtime": 31828.545719385147, "_step": 99, "_wandb": {"runtime": 31827}}