{"train_loss": 0.008708544250891919, "train_acc": 99.75000064849854, "val_eer": 19.71509322537371, "val_acc": 80.18992003367003, "_timestamp": 1685007478.4325626, "_runtime": 26319.41726756096, "_step": 99, "_wandb": {"runtime": 26318}}