{"train_loss": 0.015034551574299258, "train_acc": 99.58889003753661, "val_eer": 20.554861391199875, "val_acc": 79.31572671156005, "_timestamp": 1684979790.7212203, "_runtime": 16549.409247159958, "_step": 99, "_wandb": {"runtime": 16548}}