{"train_loss": 0.018260508488001505, "train_acc": 99.575, "val_eer": 21.94653299128657, "val_acc": 78.04608585858585, "_timestamp": 1684460750.5832999, "_runtime": 9283.451824903488, "_step": 59, "_wandb": {"runtime": 9282}}