{"train_loss": 0.22003307366743685, "train_acc": 93.88333930969239, "val_eer": 21.108599121030856, "val_acc": 78.72474747474747, "_timestamp": 1684464064.5229313, "_runtime": 8114.662502288818, "_step": 59, "_wandb": {"runtime": 8113}}