{"train_loss": 0.009913688499982526, "train_acc": 99.67222312927247, "val_eer": 19.666515821026234, "val_acc": 80.24252946127946, "_timestamp": 1685008264.231446, "_runtime": 25647.596076965332, "_step": 99, "_wandb": {"runtime": 25646}}