{"train_loss": 0.004746642568047719, "train_acc": 99.8222227859497, "val_eer": 21.665158700138235, "val_acc": 78.22934203142536, "_timestamp": 1685040143.78609, "_runtime": 34730.321143865585, "_step": 99, "_wandb": {"runtime": 34729}}