{"train_loss": 0.005976480460130915, "train_acc": 99.85499900817871, "val_eer": 20.266608060883144, "val_acc": 79.62261503928171, "_timestamp": 1685173046.284468, "_runtime": 38031.88339781761, "_step": 99, "_wandb": {"runtime": 38031}}