{"train_loss": 0.009612533456829624, "train_acc": 99.74375, "val_eer": 20.091951760467932, "val_acc": 79.72520342312009, "_timestamp": 1684864526.7631576, "_runtime": 15575.97702050209, "_step": 99, "_wandb": {"runtime": 15575}}