{"train_loss": 0.04818888807902113, "train_acc": 98.56667236328126, "val_eer": 24.936140837787097, "val_acc": 74.90617985409652, "_timestamp": 1682332960.9026794, "_runtime": 11660.491585493088, "_step": 99, "_wandb": {"runtime": 11659}}