{"train_loss": 0.026485373831419565, "train_acc": 99.30000301361083, "val_eer": 25.7203696851406, "val_acc": 74.0433852413019, "_timestamp": 1682345089.5565376, "_runtime": 12108.92290353775, "_step": 99, "_wandb": {"runtime": 12108}}