{"train_loss": 0.03251185207780509, "train_acc": 99.00833736419678, "val_eer": 25.122483943691257, "val_acc": 74.78254769921438, "_timestamp": 1684455934.5727432, "_runtime": 8072.740425109863, "_step": 59, "_wandb": {"runtime": 8071}}