{"train_loss": 0.007637546316732369, "train_acc": 99.83125, "val_eer": 19.45292979328996, "val_acc": 80.55906285072952, "_timestamp": 1684921595.4220352, "_runtime": 32245.341331243515, "_step": 99, "_wandb": {"runtime": 32244}}