{"train_loss": 0.00915460228856773, "train_acc": 99.74999839782714, "val_eer": 20.008836300946594, "val_acc": 79.83831369248037, "_timestamp": 1685107064.1041226, "_runtime": 17555.90281367302, "_step": 99, "_wandb": {"runtime": 17555}}