{"train_loss": 0.007868122902664254, "train_acc": 99.7699984741211, "val_eer": 19.233558038646752, "val_acc": 80.652882996633, "_timestamp": 1685134996.6921008, "_runtime": 27918.20394873619, "_step": 99, "_wandb": {"runtime": 27917}}