{"train_loss": 0.004023312331501074, "train_acc": 99.85499900817871, "val_eer": 18.741560898312343, "val_acc": 81.23421717171718, "_timestamp": 1685175973.7300987, "_runtime": 38073.57561779022, "_step": 99, "_wandb": {"runtime": 38072}}