{"train_loss": 0.011376204793436954, "train_acc": 99.7249980545044, "val_eer": 17.767281455117406, "val_acc": 82.28377525252525, "_timestamp": 1685176060.6533751, "_runtime": 37984.98236012459, "_step": 99, "_wandb": {"runtime": 37984}}