{"train_loss": 0.003999730678341393, "train_acc": 99.91499938964844, "val_eer": 17.794417626939687, "val_acc": 82.17592592592592, "_timestamp": 1685229006.582561, "_runtime": 52929.83612203598, "_step": 99, "_wandb": {"runtime": 52928}}