{"train_loss": 0.0066666840057541775, "train_acc": 99.81666717529296, "val_eer": 17.970810220752433, "val_acc": 81.94970538720538, "_timestamp": 1685092084.8592615, "_runtime": 48869.730038404465, "_step": 99, "_wandb": {"runtime": 48868}}