{"train_loss": 0.0009845339915252893, "train_acc": 99.97222232818604, "val_eer": 19.920754345795757, "val_acc": 79.7427398989899, "_timestamp": 1685043199.96797, "_runtime": 35048.104863882065, "_step": 99, "_wandb": {"runtime": 35047}}