{"train_loss": 0.008668286379756864, "train_acc": 99.77499843597413, "val_eer": 19.56769776334214, "val_acc": 80.4328002244669, "_timestamp": 1685138059.8981543, "_runtime": 28182.13577914238, "_step": 99, "_wandb": {"runtime": 28181}}