{"train_loss": 0.016759141401835223, "train_acc": 99.50714424133301, "val_eer": 20.907032929645457, "val_acc": 78.92992424242425, "_timestamp": 1684757873.0026128, "_runtime": 14539.788577795029, "_step": 99, "_wandb": {"runtime": 14538}}