{"train_loss": 0.013364984261579593, "train_acc": 99.66111221313477, "val_eer": 22.117263468177548, "val_acc": 77.75848765432099, "_timestamp": 1685005398.552331, "_runtime": 25591.41925406456, "_step": 99, "_wandb": {"runtime": 25590}}