{"train_loss": 0.006069598395883986, "train_acc": 99.78571506500244, "val_eer": 17.178408763793914, "val_acc": 82.53805415263749, "_timestamp": 1684849542.1190171, "_runtime": 39470.7075650692, "_step": 99, "_wandb": {"runtime": 39469}}