{"train_loss": 0.015106812640296993, "train_acc": 99.61499767303467, "val_eer": 20.576551602833653, "val_acc": 79.3472923681257, "_timestamp": 1684471304.994176, "_runtime": 10537.848158836365, "_step": 59, "_wandb": {"runtime": 10536}}