{"train_loss": 0.010808404457375218, "train_acc": 99.74444534301757, "val_eer": 20.49714283564109, "val_acc": 79.37096661054994, "_timestamp": 1684981139.1271644, "_runtime": 16546.080285310745, "_step": 99, "_wandb": {"runtime": 16545}}