{"train_loss": 0.019229021037290295, "train_acc": 99.47143013000488, "val_eer": 17.6683192367205, "val_acc": 82.19083193041526, "_timestamp": 1684848935.3426218, "_runtime": 39104.66961479187, "_step": 99, "_wandb": {"runtime": 39103}}