{"train_loss": 0.006226734489732735, "train_acc": 99.80625, "val_eer": 19.929620996798658, "val_acc": 79.98825056116723, "_timestamp": 1684888545.6237867, "_runtime": 24002.29560470581, "_step": 99, "_wandb": {"runtime": 24001}}