{"train_loss": 0.010455528794038856, "train_acc": 99.71428676605224, "val_eer": 20.769527443073784, "val_acc": 79.01936026936026, "_timestamp": 1684809814.93239, "_runtime": 28788.94073486328, "_step": 99, "_wandb": {"runtime": 28788}}