{"train_loss": 0.0022794962385466987, "train_acc": 99.94375, "val_eer": 20.392294772007332, "val_acc": 79.49284511784512, "_timestamp": 1684965302.2002966, "_runtime": 43690.753262758255, "_step": 99, "_wandb": {"runtime": 43689}}